risk,proposed_action,path,prefix,kind,priority,live_bytes,snapshot_blob_size,byte_relation,tracked_relation,exists_now,extension,disposition,sha256,actual_bytes,release_gate_status,release_gate_high,release_gate_medium,release_gate_errors
P2_model_asset,model_registry_or_D_archive_do_not_git_track_weights,models/Modelfile.lfm25,models,model_or_weight,P3_untracked_preserve_or_ignore,714,714,live_differs_from_snapshot_untracked,not_tracked_current_index,True,.lfm25,model_registry_or_d_archive_no_blind_git_tracking,25669ac46cebbe9c8c650f6b6319b7ba5488a61a5bf182e480bfbffdd5840862,714,PASS,0,0,0
P2_model_asset,model_registry_or_D_archive_do_not_git_track_weights,models/Modelfile.neo-t-virus,models,model_or_weight,P3_untracked_preserve_or_ignore,710,710,live_differs_from_snapshot_untracked,not_tracked_current_index,True,.neo-t-virus,model_registry_or_d_archive_no_blind_git_tracking,fa11dfae0f0646e398e1fc7cf2644ae011e1416aeb97e91a08f99333bc1402f9,710,PASS,0,0,0
P2_model_asset,model_registry_or_D_archive_do_not_git_track_weights,models/Modelfile.special-virus,models,model_or_weight,P3_untracked_preserve_or_ignore,724,724,live_differs_from_snapshot_untracked,not_tracked_current_index,True,.special-virus,model_registry_or_d_archive_no_blind_git_tracking,afc354cc0cd4f37597af2ed0e7f43d8030781658866287b921f014a5baa01432,724,PASS,0,0,0
P2_model_asset,model_registry_or_D_archive_do_not_git_track_weights,models/chat_template.jinja,models,model_or_weight,P3_untracked_preserve_or_ignore,2561,2561,live_differs_from_snapshot_untracked,not_tracked_current_index,True,.jinja,model_registry_or_d_archive_no_blind_git_tracking,8aa40ce145adb73cb3a75194dc0224702a95850ec5275cabb728496bbd749fc6,2561,PASS,0,0,0
P2_model_asset,model_registry_or_D_archive_do_not_git_track_weights,models/gemma2-2b-abliterated/chat_template.jinja,models,model_or_weight,P3_untracked_preserve_or_ignore,594,594,live_differs_from_snapshot_untracked,not_tracked_current_index,True,.jinja,model_registry_or_d_archive_no_blind_git_tracking,f2bced8fd992f22f081f65a5bdc4319d41c30c823e1ebde3cfe22b9e5447b426,594,PASS,0,0,0
P2_model_asset,model_registry_or_D_archive_do_not_git_track_weights,models/gemma2-2b-abliterated_tokenizer/chat_template.jinja,models,model_or_weight,P3_untracked_preserve_or_ignore,594,594,live_differs_from_snapshot_untracked,not_tracked_current_index,True,.jinja,model_registry_or_d_archive_no_blind_git_tracking,f2bced8fd992f22f081f65a5bdc4319d41c30c823e1ebde3cfe22b9e5447b426,594,PASS,0,0,0
P2_model_asset,model_registry_or_D_archive_do_not_git_track_weights,models/qwen-abliterated-simple/chat_template.jinja,models,model_or_weight,P3_untracked_preserve_or_ignore,2481,2481,live_differs_from_snapshot_untracked,not_tracked_current_index,True,.jinja,model_registry_or_d_archive_no_blind_git_tracking,7215110d1460d6dfdb8ed5bbc3f18b1772cc270404795c331bc0adc266a75008,2481,PASS,0,0,0
P2_model_asset,model_registry_or_D_archive_do_not_git_track_weights,models/qwen2.5-1.5b-guard-lora/chat_template.jinja,models,model_or_weight,P3_untracked_preserve_or_ignore,2561,2561,live_differs_from_snapshot_untracked,not_tracked_current_index,True,.jinja,model_registry_or_d_archive_no_blind_git_tracking,8aa40ce145adb73cb3a75194dc0224702a95850ec5275cabb728496bbd749fc6,2561,PASS,0,0,0
P2_model_asset,model_registry_or_D_archive_do_not_git_track_weights,models/qwen2.5-1.5b-guard-lora/checkpoint-100/chat_template.jinja,models,model_or_weight,P3_untracked_preserve_or_ignore,2561,2561,live_differs_from_snapshot_untracked,not_tracked_current_index,True,.jinja,model_registry_or_d_archive_no_blind_git_tracking,8aa40ce145adb73cb3a75194dc0224702a95850ec5275cabb728496bbd749fc6,2561,PASS,0,0,0
P2_model_asset,model_registry_or_D_archive_do_not_git_track_weights,models/qwen2.5-1.5b-guard-lora/checkpoint-200/chat_template.jinja,models,model_or_weight,P3_untracked_preserve_or_ignore,2561,2561,live_differs_from_snapshot_untracked,not_tracked_current_index,True,.jinja,model_registry_or_d_archive_no_blind_git_tracking,8aa40ce145adb73cb3a75194dc0224702a95850ec5275cabb728496bbd749fc6,2561,PASS,0,0,0
P2_model_asset,model_registry_or_D_archive_do_not_git_track_weights,models/qwen2.5-1.5b-guard-merged/chat_template.jinja,models,model_or_weight,P3_untracked_preserve_or_ignore,2561,2561,live_differs_from_snapshot_untracked,not_tracked_current_index,True,.jinja,model_registry_or_d_archive_no_blind_git_tracking,8aa40ce145adb73cb3a75194dc0224702a95850ec5275cabb728496bbd749fc6,2561,PASS,0,0,0
P3_manual,review_script_then_track_or_archive,benchmarks/custom_evaluators.py,benchmarks,source_or_script,P2_untracked_intake_review,15229,15229,live_differs_from_snapshot_untracked,not_tracked_current_index,True,.py,preserve_research_tooling_review_before_tracking,8c871c60fa36df10c95192ee8eab7113ce639b67010857fea1dd2d12a423ea0d,15229,PASS,0,0,0
P3_manual,review_script_then_track_or_archive,benchmarks/mixed content/evaluate_model.py,benchmarks,source_or_script,P2_untracked_intake_review,2001,2001,live_differs_from_snapshot_untracked,not_tracked_current_index,True,.py,preserve_research_tooling_review_before_tracking,a6e009cec1c3b48fe363713aac7a73fe01b61db691b5c6169e2e3ad732345d78,2001,PASS,0,0,0
P3_manual,review_script_then_track_or_archive,benchmarks/mixed content/generate_data.py,benchmarks,source_or_script,P2_untracked_intake_review,2410,2410,live_differs_from_snapshot_untracked,not_tracked_current_index,True,.py,preserve_research_tooling_review_before_tracking,b75833414a152fc81b1b45da6b0fd7e40597f9f8e99607e2597ee2d67a75e4e4,2410,PASS,0,0,0
P3_manual,review_script_then_track_or_archive,benchmarks/mixed content/malicious_instruction_generator.py,benchmarks,source_or_script,P2_untracked_intake_review,5895,5895,live_differs_from_snapshot_untracked,not_tracked_current_index,True,.py,preserve_research_tooling_review_before_tracking,0098297e4a799137e446e70e0191efa00a119f18a8944e7abb61575302847585,5895,PASS,0,0,0
P3_manual,review_script_then_track_or_archive,benchmarks/mixed content/repo.py,benchmarks,source_or_script,P2_untracked_intake_review,580,580,live_differs_from_snapshot_untracked,not_tracked_current_index,True,.py,preserve_research_tooling_review_before_tracking,ffcbb4c86c36f58530c4eef8852095e9862c748422ebee3b10810c4fdbb5eec8,580,PASS,0,0,0
P3_manual,review_script_then_track_or_archive,benchmarks/mixed content/train.py,benchmarks,source_or_script,P2_untracked_intake_review,2608,2608,live_differs_from_snapshot_untracked,not_tracked_current_index,True,.py,preserve_research_tooling_review_before_tracking,652926c942baa8ec01aa52861645cd6a50b57e50fbdf3ba9a48697b17bb9f35d,2608,PASS,0,0,0
P3_manual,review_script_then_track_or_archive,benchmarks/register_foundry_datasets.py,benchmarks,source_or_script,P2_untracked_intake_review,16230,16230,live_differs_from_snapshot_untracked,not_tracked_current_index,True,.py,preserve_research_tooling_review_before_tracking,46d8e35738461e559740504e699643d876497ffb778c4c1a3091147c2b960fa9,16230,PASS,0,0,0
P3_manual,review_script_then_track_or_archive,benchmarks/stress_lab/nexus_governance_score.py,benchmarks,source_or_script,P2_untracked_intake_review,2658,2658,live_differs_from_snapshot_untracked,not_tracked_current_index,True,.py,preserve_research_tooling_review_before_tracking,8ab8c4034e73ff5dd467af46fbb2485090fe09c565af27eb0c7c668cd7af04f8,2658,PASS,0,0,0
P3_manual,review_script_then_track_or_archive,datasets/_check_encoding.py,datasets,source_or_script,P2_untracked_intake_review,533,533,live_differs_from_snapshot_untracked,not_tracked_current_index,True,.py,preserve_research_tooling_review_before_tracking,9d0d251ecdba9019d31e4bc67745775f855b4eb3334fd067c27e963a8db8c889,533,PASS,0,0,0
P3_manual,review_script_then_track_or_archive,datasets/bench_mutated.py,datasets,source_or_script,P2_untracked_intake_review,3784,3784,live_differs_from_snapshot_untracked,not_tracked_current_index,True,.py,preserve_research_tooling_review_before_tracking,3fc74af5f07b0f5a57cd12b70c49e984b99938048ac9f13c4425d133ad8fd144,3784,PASS,0,0,0
P3_manual,review_script_then_track_or_archive,datasets/bench_mutated_v5.py,datasets,source_or_script,P2_untracked_intake_review,5463,5463,live_differs_from_snapshot_untracked,not_tracked_current_index,True,.py,preserve_research_tooling_review_before_tracking,7ef9625d217e77edc39b9d01aa60a6b37ddb0ae4319eeafade2903e8f60ada7f,5463,PASS,0,0,0
P3_manual,review_script_then_track_or_archive,datasets/bench_new_models.py,datasets,source_or_script,P2_untracked_intake_review,7168,7168,live_differs_from_snapshot_untracked,not_tracked_current_index,True,.py,preserve_research_tooling_review_before_tracking,73f015ed70e96d171c87afa3218b02ca6c33e7f78ce758f679316e6cbc78e652,7168,PASS,0,0,0
P3_manual,review_script_then_track_or_archive,datasets/bench_qwen3guard.py,datasets,source_or_script,P2_untracked_intake_review,3720,3720,live_differs_from_snapshot_untracked,not_tracked_current_index,True,.py,preserve_research_tooling_review_before_tracking,79cdb09d3e2527555b7c23df3fab3781e8108bab01e3ca5fe79ee299924a15be,3720,PASS,0,0,0
P3_manual,review_script_then_track_or_archive,datasets/bench_qwen_mutated.py,datasets,source_or_script,P2_untracked_intake_review,2454,2454,live_differs_from_snapshot_untracked,not_tracked_current_index,True,.py,preserve_research_tooling_review_before_tracking,556ff9e7f948cc1ed3dcb94221a28b93a30b39fe03e47ab42b779015fa6bb535,2454,PASS,0,0,0
P3_manual,review_script_then_track_or_archive,datasets/bench_v51.py,datasets,source_or_script,P2_untracked_intake_review,5784,5784,live_differs_from_snapshot_untracked,not_tracked_current_index,True,.py,preserve_research_tooling_review_before_tracking,5b2572dc51a02d967e981141311f83c3453a35ee57d5f7971f17c09f8c72d889,5784,PASS,0,0,0
P3_manual,review_script_then_track_or_archive,datasets/bench_v51_benign.py,datasets,source_or_script,P2_untracked_intake_review,5288,5288,live_differs_from_snapshot_untracked,not_tracked_current_index,True,.py,preserve_research_tooling_review_before_tracking,3558c5885a62d126a6c71cdc307f6192a6723d0a8f8374854dbb7b1f142f405e,5288,PASS,0,0,0
P3_manual,review_script_then_track_or_archive,datasets/bouncer_bench.py,datasets,source_or_script,P2_untracked_intake_review,8595,8595,live_differs_from_snapshot_untracked,not_tracked_current_index,True,.py,preserve_research_tooling_review_before_tracking,a53585df55862d70d1c1568a9b99e42a3aa4f13fbc781fd230a36b5498a9962f,8595,PASS,0,0,0
P3_manual,review_script_then_track_or_archive,datasets/bouncer_bench_robust.py,datasets,source_or_script,P2_untracked_intake_review,10304,10304,live_differs_from_snapshot_untracked,not_tracked_current_index,True,.py,preserve_research_tooling_review_before_tracking,d4c071e00f907ce616efa3f9aa6e627f378b0f845d5b924ad25305058a150593,10304,PASS,0,0,0
P3_manual,review_script_then_track_or_archive,datasets/bouncer_bench_v3_fixed.py,datasets,source_or_script,P2_untracked_intake_review,7521,7521,live_differs_from_snapshot_untracked,not_tracked_current_index,True,.py,preserve_research_tooling_review_before_tracking,10da2121644d0d3b305fd7898afc5dac5716a97d8555273d52b538025279bf59,7521,PASS,0,0,0
P3_manual,review_script_then_track_or_archive,datasets/build_classifier.py,datasets,source_or_script,P2_untracked_intake_review,4543,4543,live_differs_from_snapshot_untracked,not_tracked_current_index,True,.py,preserve_research_tooling_review_before_tracking,ba30f70a2bfa3c39d8aa66722a59f3b2e455352b4c931a0e7c1ee3099beb6402,4543,PASS,0,0,0
P3_manual,review_script_then_track_or_archive,datasets/check_configs.py,datasets,source_or_script,P2_untracked_intake_review,555,555,live_differs_from_snapshot_untracked,not_tracked_current_index,True,.py,preserve_research_tooling_review_before_tracking,e397625bc7624dadca867f283a82d698f967d74c868044bb3399786a6cfc3053,555,PASS,0,0,0
P3_manual,review_script_then_track_or_archive,datasets/check_linear.py,datasets,source_or_script,P2_untracked_intake_review,445,445,live_differs_from_snapshot_untracked,not_tracked_current_index,True,.py,preserve_research_tooling_review_before_tracking,22abd5adf606d48d1aace0b0c28af19cc0e77e455c0451fd1b0f223a78827385,445,PASS,0,0,0
P3_manual,review_script_then_track_or_archive,datasets/check_qwen_baseline.py,datasets,source_or_script,P2_untracked_intake_review,936,936,live_differs_from_snapshot_untracked,not_tracked_current_index,True,.py,preserve_research_tooling_review_before_tracking,fbb38f8300ffe02b7c223e6ff479e6ff45e20d6b9434e0316dabc4c2804fbd04,936,PASS,0,0,0
P3_manual,review_script_then_track_or_archive,datasets/check_tamas.py,datasets,source_or_script,P2_untracked_intake_review,1582,1582,live_differs_from_snapshot_untracked,not_tracked_current_index,True,.py,preserve_research_tooling_review_before_tracking,5295bc034347b3733e66fe80f965d828d8e72b44587fa0161e538d791729a330,1582,PASS,0,0,0
P3_manual,review_script_then_track_or_archive,datasets/check_tamas2.py,datasets,source_or_script,P2_untracked_intake_review,1132,1132,live_differs_from_snapshot_untracked,not_tracked_current_index,True,.py,preserve_research_tooling_review_before_tracking,6caa24ae6718a3c9319b373fd8fbee358518c4db40a48f01b36a34113b04be2f,1132,PASS,0,0,0
P3_manual,review_script_then_track_or_archive,datasets/check_v2.py,datasets,source_or_script,P2_untracked_intake_review,193,193,live_differs_from_snapshot_untracked,not_tracked_current_index,True,.py,preserve_research_tooling_review_before_tracking,b1345931b639ec8d1f770c1f4a75e9ae2ecb7cca28bde059fa49d0a566e2ae9a,193,PASS,0,0,0
P3_manual,review_script_then_track_or_archive,datasets/combination_tests.py,datasets,source_or_script,P2_untracked_intake_review,11818,11818,live_differs_from_snapshot_untracked,not_tracked_current_index,True,.py,preserve_research_tooling_review_before_tracking,984b4e3cd3b075b9c1a76c6d94d40bf1768c991b9b44c0850d00d08c0067a8c5,11818,PASS,0,0,0
P3_manual,review_script_then_track_or_archive,datasets/combination_tests_v2.py,datasets,source_or_script,P2_untracked_intake_review,9853,9853,live_differs_from_snapshot_untracked,not_tracked_current_index,True,.py,preserve_research_tooling_review_before_tracking,515a56d9344b1e3b79f3a37dece8e0b83887b57680ecb75bd3962fcc27eea62b,9853,PASS,0,0,0
P3_manual,review_script_then_track_or_archive,datasets/debug_all_models.py,datasets,source_or_script,P2_untracked_intake_review,2950,2950,live_differs_from_snapshot_untracked,not_tracked_current_index,True,.py,preserve_research_tooling_review_before_tracking,da1ed548ccff008c001e475cc1f352fef2e7d51ea2c6b24393ffedbbfcdd2e01,2950,PASS,0,0,0
P3_manual,review_script_then_track_or_archive,datasets/debug_darwin.py,datasets,source_or_script,P2_untracked_intake_review,1467,1467,live_differs_from_snapshot_untracked,not_tracked_current_index,True,.py,preserve_research_tooling_review_before_tracking,6a5d93ef99eb4c7d3431db065d6e40654655577d6dd504a20d2df33bd0545c05,1467,PASS,0,0,0
P3_manual,review_script_then_track_or_archive,datasets/debug_model.py,datasets,source_or_script,P2_untracked_intake_review,977,977,live_differs_from_snapshot_untracked,not_tracked_current_index,True,.py,preserve_research_tooling_review_before_tracking,041c4c56518be024aa0a296f04648470f63eea45c6395993b99e323cce20c145,977,PASS,0,0,0
P3_manual,review_script_then_track_or_archive,datasets/debug_prompt_formats.py,datasets,source_or_script,P2_untracked_intake_review,1719,1719,live_differs_from_snapshot_untracked,not_tracked_current_index,True,.py,preserve_research_tooling_review_before_tracking,97c243ae042651ca36a0f4f42682ef16edf1c5da6f6bc9e81aa1140197648177,1719,PASS,0,0,0
P3_manual,review_script_then_track_or_archive,datasets/debug_tamas.py,datasets,source_or_script,P2_untracked_intake_review,1809,1809,live_differs_from_snapshot_untracked,not_tracked_current_index,True,.py,preserve_research_tooling_review_before_tracking,ffcf250b3ee2999d1350932306662905733f686b22e0696108d58c2319d240db,1809,PASS,0,0,0
P3_manual,review_script_then_track_or_archive,datasets/deep_search_slm.py,datasets,source_or_script,P2_untracked_intake_review,8366,8366,live_differs_from_snapshot_untracked,not_tracked_current_index,True,.py,preserve_research_tooling_review_before_tracking,83b58dc524ab7742241118b35c8b9a60919e986aa7c1f79590d67d15bdddbf5e,8366,PASS,0,0,0
P3_manual,review_script_then_track_or_archive,datasets/ernie/bench_ernie_1000.py,datasets,source_or_script,P2_untracked_intake_review,6006,6006,live_differs_from_snapshot_untracked,not_tracked_current_index,True,.py,preserve_research_tooling_review_before_tracking,91926117f6dbcec0412e984780b2c8037cf6647ecf9860e179703e6fae899e9e,6006,PASS,0,0,0
P3_manual,review_script_then_track_or_archive,datasets/ernie/bench_ernie_1000_local.py,datasets,source_or_script,P2_untracked_intake_review,9822,9822,live_differs_from_snapshot_untracked,not_tracked_current_index,True,.py,preserve_research_tooling_review_before_tracking,192242528f4656cbb50e2743e5f761d73f22e42a08bc3882658cb8c5a13a7c8a,9822,PASS,0,0,0
P3_manual,review_script_then_track_or_archive,datasets/ernie/code.py,datasets,source_or_script,P2_untracked_intake_review,2380,2380,live_differs_from_snapshot_untracked,not_tracked_current_index,True,.py,preserve_research_tooling_review_before_tracking,031bece932807a6086a7c31179a060428d6e931abf1385132768639bb322b34d,2380,PASS,0,0,0
P3_manual,review_script_then_track_or_archive,datasets/ernie/cp1_ollama_probe.py,datasets,source_or_script,P2_untracked_intake_review,2239,2239,live_differs_from_snapshot_untracked,not_tracked_current_index,True,.py,preserve_research_tooling_review_before_tracking,e981db69ee1a77397f83ca944be5b72bfe9eba14963708f8f4b42c4b4f68d9cd,2239,PASS,0,0,0
P3_manual,review_script_then_track_or_archive,datasets/ernie/cp2_guard_sweep.py,datasets,source_or_script,P2_untracked_intake_review,4228,4228,live_differs_from_snapshot_untracked,not_tracked_current_index,True,.py,preserve_research_tooling_review_before_tracking,f98c322ae9266a3263f6c92d58977eadb6136540b6b45b89aa211cffe3ab4cbf,4228,PASS,0,0,0
P3_manual,review_script_then_track_or_archive,datasets/ernie/cp3_cross_model.py,datasets,source_or_script,P2_untracked_intake_review,4388,4388,live_differs_from_snapshot_untracked,not_tracked_current_index,True,.py,preserve_research_tooling_review_before_tracking,5f777ceddccfd48e99cf7d3a5a3a846a82afe9e822d8511bf18d6039a0f386ab,4388,PASS,0,0,0
P3_manual,review_script_then_track_or_archive,datasets/ernie/cp4_final_report.py,datasets,source_or_script,P2_untracked_intake_review,6122,6122,live_differs_from_snapshot_untracked,not_tracked_current_index,True,.py,preserve_research_tooling_review_before_tracking,43f17e08ef961c58e0f4b93ca6beb23654cb7c0e23d422cc64b3b973a16bac47,6122,PASS,0,0,0
P3_manual,review_script_then_track_or_archive,datasets/ernie/verify_ernie.py,datasets,source_or_script,P2_untracked_intake_review,10378,10378,live_differs_from_snapshot_untracked,not_tracked_current_index,True,.py,preserve_research_tooling_review_before_tracking,65652ea522e83e9dc06ca289aad2d1834b1725aaa360985d0287bc46bc2b855c,10378,PASS,0,0,0
P3_manual,review_script_then_track_or_archive,datasets/fix_merged_model.py,datasets,source_or_script,P2_untracked_intake_review,2971,2971,live_differs_from_snapshot_untracked,not_tracked_current_index,True,.py,preserve_research_tooling_review_before_tracking,e0d349e35e5ecd4fc147d22e7fd6fd74dfa11e8c637e37cd9ac926d56126d511,2971,PASS,0,0,0
P3_manual,review_script_then_track_or_archive,datasets/gen_benign.py,datasets,source_or_script,P2_untracked_intake_review,6714,6714,live_differs_from_snapshot_untracked,not_tracked_current_index,True,.py,preserve_research_tooling_review_before_tracking,ea9881dec19ebc7be256d4e7c0102429c6351eff43fc996010f3bde7702929bf,6714,PASS,0,0,0
P3_manual,review_script_then_track_or_archive,datasets/gen_benign_100.py,datasets,source_or_script,P2_untracked_intake_review,13525,13525,live_differs_from_snapshot_untracked,not_tracked_current_index,True,.py,preserve_research_tooling_review_before_tracking,907abd6fb17c6d7e4f93e1f2df8505090f0498dccaf942f43a07569ab45feb49,13525,PASS,0,0,0
P3_manual,review_script_then_track_or_archive,datasets/gen_novel_adversarial.py,datasets,source_or_script,P2_untracked_intake_review,13217,13217,live_differs_from_snapshot_untracked,not_tracked_current_index,True,.py,preserve_research_tooling_review_before_tracking,209e016c5a387ca028353c96980fea9fd23f957b02a7ae16fbfd4758e973ebe6,13217,PASS,0,0,0
P3_manual,review_script_then_track_or_archive,datasets/guard_diagnostic.py,datasets,source_or_script,P2_untracked_intake_review,5236,5236,live_differs_from_snapshot_untracked,not_tracked_current_index,True,.py,preserve_research_tooling_review_before_tracking,0404d13cd871e3d1203f47640381f785cae521a424c26b8c2fb9cf6b83a9b230,5236,PASS,0,0,0
P3_manual,review_script_then_track_or_archive,datasets/guard_ensemble.py,datasets,source_or_script,P2_untracked_intake_review,16131,16131,live_differs_from_snapshot_untracked,not_tracked_current_index,True,.py,preserve_research_tooling_review_before_tracking,144d114c3d415dba21876d9897e6deee2360b41eb7e480d7c46bef0650cc00f4,16131,PASS,0,0,0
P3_manual,review_script_then_track_or_archive,datasets/guard_ensemble_special_virus.py,datasets,source_or_script,P2_untracked_intake_review,12366,12366,live_differs_from_snapshot_untracked,not_tracked_current_index,True,.py,preserve_research_tooling_review_before_tracking,7e3411462cbdf6a6e87d844b8885bbaa3430ad22d69015080c1e4ef00702779b,12366,PASS,0,0,0
P3_manual,review_script_then_track_or_archive,datasets/guard_plane.py,datasets,source_or_script,P2_untracked_intake_review,28867,28867,live_differs_from_snapshot_untracked,not_tracked_current_index,True,.py,preserve_research_tooling_review_before_tracking,cda78b33dddab1bb28f647e9aef9d32e598c8aba4f8511fdc9866c46c6a53761,29172,PASS,0,0,0
P3_manual,review_script_then_track_or_archive,datasets/guard_slm_test.py,datasets,source_or_script,P2_untracked_intake_review,6377,6377,live_differs_from_snapshot_untracked,not_tracked_current_index,True,.py,preserve_research_tooling_review_before_tracking,ea1b69d089a198a2e4a98d3cfd7e25e76d88d53b492ef5bca2bf1085a981d56e,6377,PASS,0,0,0
P3_manual,review_script_then_track_or_archive,datasets/guard_train.py,datasets,source_or_script,P2_untracked_intake_review,5639,5639,live_differs_from_snapshot_untracked,not_tracked_current_index,True,.py,preserve_research_tooling_review_before_tracking,25e210a07b6dea1cbcf4b63b738971a4355c24b89087aaeeff5968139b6e6804,5639,PASS,0,0,0
P3_manual,review_script_then_track_or_archive,datasets/manual_slerp.py,datasets,source_or_script,P2_untracked_intake_review,2422,2422,live_differs_from_snapshot_untracked,not_tracked_current_index,True,.py,preserve_research_tooling_review_before_tracking,fa5caa25595b8e93ffcbc034236faba34054195bf4408c2d2541fcfe0b555343,2422,PASS,0,0,0
P3_manual,review_script_then_track_or_archive,datasets/nexus_bucket.py,datasets,source_or_script,P2_untracked_intake_review,5454,5454,live_differs_from_snapshot_untracked,not_tracked_current_index,True,.py,preserve_research_tooling_review_before_tracking,cc62cef517249b9a2ded005cc76cbd90419a9f860ffaa301edd8a7e61b0cdf19,5454,PASS,0,0,0
P3_manual,review_script_then_track_or_archive,datasets/probe_prompts.py,datasets,source_or_script,P2_untracked_intake_review,2896,2896,live_differs_from_snapshot_untracked,not_tracked_current_index,True,.py,preserve_research_tooling_review_before_tracking,362e5448a063403b67c53ff440954afc89b3e093270ecd4689d613bced525383,2896,PASS,0,0,0
P3_manual,review_script_then_track_or_archive,datasets/quick_test.py,datasets,source_or_script,P2_untracked_intake_review,1153,1153,live_differs_from_snapshot_untracked,not_tracked_current_index,True,.py,preserve_research_tooling_review_before_tracking,ff0be64f2ff08614fe865b2d0ae5456ed83e9a0a368f7fd749fa3eba0e173c39,1153,PASS,0,0,0
P3_manual,review_script_then_track_or_archive,datasets/retrain_classifier_v2.py,datasets,source_or_script,P2_untracked_intake_review,6622,6622,live_differs_from_snapshot_untracked,not_tracked_current_index,True,.py,preserve_research_tooling_review_before_tracking,45f8f67572e0a2984eace2fbb8f42f111ca8a4a5471d1dc575b8ef0a32876bb7,6622,PASS,0,0,0
P3_manual,review_script_then_track_or_archive,datasets/retrain_classifier_v3.py,datasets,source_or_script,P2_untracked_intake_review,19025,19025,live_differs_from_snapshot_untracked,not_tracked_current_index,True,.py,preserve_research_tooling_review_before_tracking,012dc08d714d58bff01a620bbb9c6b634b81124a263b0d0eeb80d58fd44b2cc5,19025,BLOCK,1,0,0
P3_manual,review_script_then_track_or_archive,datasets/sweep_models.py,datasets,source_or_script,P2_untracked_intake_review,13235,13235,live_differs_from_snapshot_untracked,not_tracked_current_index,True,.py,preserve_research_tooling_review_before_tracking,4145897315a5a923d42c057f74314dff64d3018692cd9729dc7e020c640a22c1,13235,PASS,0,0,0
P3_manual,review_script_then_track_or_archive,datasets/tamas_benchmark_v3.py,datasets,source_or_script,P2_untracked_intake_review,4464,4464,live_differs_from_snapshot_untracked,not_tracked_current_index,True,.py,preserve_research_tooling_review_before_tracking,e8e0fa0db06f5629f8f1368e238f9ccf216189c5a4aedd33e43e5eff73be65bd,4464,PASS,0,0,0
P3_manual,review_script_then_track_or_archive,datasets/test_bonsai_quick.py,datasets,source_or_script,P2_untracked_intake_review,3295,3295,live_differs_from_snapshot_untracked,not_tracked_current_index,True,.py,preserve_research_tooling_review_before_tracking,40b5c9c9fcc2fa184a741448b054613261e85af33aee5636e10215d876a2324a,3295,PASS,0,0,0
P3_manual,review_script_then_track_or_archive,datasets/test_gemma_benign.py,datasets,source_or_script,P2_untracked_intake_review,2559,2559,live_differs_from_snapshot_untracked,not_tracked_current_index,True,.py,preserve_research_tooling_review_before_tracking,5063a8d53bdb0f4ab2da90896a2732b13b475bab8ea7f5f26e24b52f2780f9c9,2559,PASS,0,0,0
P3_manual,review_script_then_track_or_archive,datasets/test_v4_prompt.py,datasets,source_or_script,P2_untracked_intake_review,4565,4565,live_differs_from_snapshot_untracked,not_tracked_current_index,True,.py,preserve_research_tooling_review_before_tracking,dc7d90b948f67cb7b5a170e2d003b4695530ff51e416085481989b1b1efb05cf,4565,PASS,0,0,0
P3_manual,review_script_then_track_or_archive,datasets/test_v5_prompt.py,datasets,source_or_script,P2_untracked_intake_review,5863,5863,live_differs_from_snapshot_untracked,not_tracked_current_index,True,.py,preserve_research_tooling_review_before_tracking,2aac20240f67fcc298fa64bdabf701b086b8122f31e2818baab98cd492e893ba,5863,PASS,0,0,0
P3_manual,review_script_then_track_or_archive,datasets/train_guard.py,datasets,source_or_script,P2_untracked_intake_review,5072,5072,live_differs_from_snapshot_untracked,not_tracked_current_index,True,.py,preserve_research_tooling_review_before_tracking,7eebb1b8ce512425a5a735279a4b30c0003cf277e23d3546ece3a94e775a2f3f,5072,PASS,0,0,0
P3_manual,review_script_then_track_or_archive,datasets/v7_builder.py,datasets,source_or_script,P2_untracked_intake_review,25484,25484,live_differs_from_snapshot_untracked,not_tracked_current_index,True,.py,preserve_research_tooling_review_before_tracking,6c565acbcedc6358879837cf08953ce25d430803b3710621318eeb79f449df00,25484,PASS,0,0,0
P3_manual,review_script_then_track_or_archive,datasets/v7_schema.py,datasets,source_or_script,P2_untracked_intake_review,1643,1643,live_differs_from_snapshot_untracked,not_tracked_current_index,True,.py,preserve_research_tooling_review_before_tracking,a18f1b76beb687dbc9f07140cc6cc279c385e8157f9bb9f1d46cfa2836db7620,1643,PASS,0,0,0
P3_manual,review_script_then_track_or_archive,models/convert_hf_to_gguf.py,models,source_or_script,P2_untracked_intake_review,172040,172040,live_differs_from_snapshot_untracked,not_tracked_current_index,True,.py,preserve_model_tooling_no_weights_blind_tracking,a42f705f66a5ac52b7b92fc995dc8f9f3fde6ba780a407e76e140f21adb94774,12106,PASS,0,0,0
P3_manual,review_script_then_track_or_archive,models/guards/dual_slm_router.py,models,source_or_script,P2_untracked_intake_review,9062,9062,live_differs_from_snapshot_untracked,not_tracked_current_index,True,.py,preserve_model_tooling_no_weights_blind_tracking,cc2993e41d9d36ee67215107cf6e1c5cf93360920022c3035079b9c400e5bc47,9062,PASS,0,0,0
P3_manual,review_script_then_track_or_archive,research/check_tamas.py,research,source_or_script,P2_untracked_intake_review,342,342,live_differs_from_snapshot_untracked,not_tracked_current_index,True,.py,preserve_research_tooling_review_before_tracking,8d8af6781d6eae2551999f728707f5433c47e7b80b18fe8d31f503a13e8f8b6f,342,PASS,0,0,0
P3_manual,review_script_then_track_or_archive,research/check_tamas2.py,research,source_or_script,P2_untracked_intake_review,703,703,live_differs_from_snapshot_untracked,not_tracked_current_index,True,.py,preserve_research_tooling_review_before_tracking,23250eb2b0d9759001b134579db8225a11d0a27579b7c27b2d6edb14b4cb6adb,703,PASS,0,0,0
P3_manual,review_script_then_track_or_archive,research/extract_docx.py,research,source_or_script,P2_untracked_intake_review,2204,2204,live_differs_from_snapshot_untracked,not_tracked_current_index,True,.py,preserve_research_tooling_review_before_tracking,4fdc28a321024ed6b4d5cf210ad2f6b678a4e235fe4e1be9d1188a6fa3015cc9,2204,PASS,0,0,0
P3_manual,review_script_then_track_or_archive,research/hygiene/enforce_manifest.py,research,source_or_script,P2_untracked_intake_review,1698,1698,live_differs_from_snapshot_untracked,not_tracked_current_index,True,.py,preserve_research_tooling_review_before_tracking,f1c513cf604e616f3cab904958259926042b53f9011b6ab635d63830eab41304,1698,PASS,0,0,0
P3_manual,review_script_then_track_or_archive,research/intake/intake_processor.py,research,source_or_script,P2_untracked_intake_review,1740,1740,live_differs_from_snapshot_untracked,not_tracked_current_index,True,.py,preserve_research_tooling_review_before_tracking,2550bf164c85d834f2185f105c159ebbcfbf71a043377a25172c27f5ba003d8a,1740,PASS,0,0,0
P3_manual,review_script_then_track_or_archive,research/papers01/RED-BLUE-PURPLE/RED-BLUE-PURPLE/nexus_governance_score.py,research,source_or_script,P2_untracked_intake_review,2672,2672,live_differs_from_snapshot_untracked,not_tracked_current_index,True,.py,preserve_research_tooling_review_before_tracking,0014faa813c84fff5745a0b8b4bae034991b816cab4b23fbba63f73b91bc7d17,2672,PASS,0,0,0
P3_manual,review_script_then_track_or_archive,research/papers01/RED-BLUE-PURPLE/extract_papers.py,research,source_or_script,P2_untracked_intake_review,2335,2335,live_differs_from_snapshot_untracked,not_tracked_current_index,True,.py,preserve_research_tooling_review_before_tracking,b9f60d79b971843c6388557bba2bb65ab3494f944dec55acc9d00c293ca4a9ab,2335,PASS,0,0,0
P3_manual,review_script_then_track_or_archive,research/papers01/RED-BLUE-PURPLE/nexus_governance_score.py,research,source_or_script,P2_untracked_intake_review,2658,2658,live_differs_from_snapshot_untracked,not_tracked_current_index,True,.py,preserve_research_tooling_review_before_tracking,84931001adc06755e101cd79f257f996c19a6d810ba3aabff864584cad532a0e,2658,PASS,0,0,0
P3_manual,review_script_then_track_or_archive,upload/# DoppelGround  ReviewGround — Curr.txt,upload,source_or_script,P2_untracked_intake_review,20206,20206,live_differs_from_snapshot_untracked,not_tracked_current_index,True,.txt,manifest_only_external_evidence,703d9ce2158262f5835160da3bb0c368e3cd04eacf85644016c9a347fb994330,20206,PASS,0,0,0
P3_manual,review_script_then_track_or_archive,upload/# KILOCLAW V3 MOVEABLE HEARTBEAT PR.txt,upload,source_or_script,P2_untracked_intake_review,3397,3397,live_differs_from_snapshot_untracked,not_tracked_current_index,True,.txt,manifest_only_external_evidence,e2b25f03aa3f2a818bbf6e8963a7ac914f43c783c4cfa621178f9806ef2fd57b,3397,PASS,0,0,0
P3_manual,review_script_then_track_or_archive,upload/## 2. SESSION_LOG_002 — Final Repor.txt,upload,source_or_script,P2_untracked_intake_review,3120,3120,live_differs_from_snapshot_untracked,not_tracked_current_index,True,.txt,manifest_only_external_evidence,c80efae195c8c90af2fd4a1c1612b3fa4c05f138757ef253093aeecb39d09a27,3120,PASS,0,0,0
P3_manual,review_script_then_track_or_archive,upload/Backend Team Package — Delivered ✅.txt,upload,source_or_script,P2_untracked_intake_review,156620,156620,live_differs_from_snapshot_untracked,not_tracked_current_index,True,.txt,manifest_only_external_evidence,f0152b3b480dd33013b59fc396f210e5c1bf87043074c2c37cee653be6c35e13,156620,PASS,0,0,0
P3_manual,review_script_then_track_or_archive,upload/CODEX TEAM INTEGRATION REPORTING.txt,upload,source_or_script,P2_untracked_intake_review,11773,11773,live_differs_from_snapshot_untracked,not_tracked_current_index,True,.txt,manifest_only_external_evidence,ab67c6e9a9004729618715c17f0f47265aadbf4b27ad467ae5813da31b4ea648,11773,PASS,0,0,0
P3_manual,review_script_then_track_or_archive,upload/Completed Local Model Benchmarking.txt,upload,source_or_script,P2_untracked_intake_review,5780,5780,live_differs_from_snapshot_untracked,not_tracked_current_index,True,.txt,manifest_only_external_evidence,e4a3eb8f64e710e65c56276ba9a0f94f4d0f6d137c1d544434b98ee08f1d0ab5,5780,PASS,0,0,0
P3_manual,review_script_then_track_or_archive,upload/DERDDRE-01.txt,upload,source_or_script,P2_untracked_intake_review,547412,547412,live_differs_from_snapshot_untracked,not_tracked_current_index,True,.txt,manifest_only_external_evidence,c09f5dbb351d7f78844f6c2c552877137880c77953f1fbaf9aa391e9f1c210f9,547412,BLOCK,1,0,0
P3_manual,review_script_then_track_or_archive,upload/DISPOSSSEEE.txt,upload,source_or_script,P2_untracked_intake_review,13604,13604,live_differs_from_snapshot_untracked,not_tracked_current_index,True,.txt,manifest_only_external_evidence,ce5f9aa20719d6c2cdf188c18a70001546c0dc80d9bc9e18cfbc81cc6065b37b,13604,PASS,0,0,0
P3_manual,review_script_then_track_or_archive,upload/FOUNDRY_HERMES_OPENSHELL_COMBINED_PLAN.md,upload,source_or_script,P2_untracked_intake_review,16415,16415,live_differs_from_snapshot_untracked,not_tracked_current_index,True,.md,manifest_only_external_evidence,53a02f87c3da27a8e62777283c15d62873c4c3d1fded1e15556030ffd08b6160,16415,PASS,0,0,0
P3_manual,review_script_then_track_or_archive,upload/GLM5-NEXUS_DASHBOARD_STRATEGIC_REPORT.md,upload,source_or_script,P2_untracked_intake_review,33896,33896,live_differs_from_snapshot_untracked,not_tracked_current_index,True,.md,manifest_only_external_evidence,723de0e203681e3bbee6a4255f54eb62c120b4587527cceb4617ff678ae29074,33896,PASS,0,0,0
P3_manual,review_script_then_track_or_archive,upload/GLM_FUSION_INTAKE_CHECKLIST.md,upload,source_or_script,P2_untracked_intake_review,8923,8923,live_differs_from_snapshot_untracked,not_tracked_current_index,True,.md,manifest_only_external_evidence,0d65fe84504bab50fb4f036e421e78871605e9b9aa3dc1210b4f82961cb9c4f8,8923,PASS,0,0,0
P3_manual,review_script_then_track_or_archive,upload/GROK 4.3 AGENT TEAM LOG-002.txt,upload,source_or_script,P2_untracked_intake_review,124799,124799,live_differs_from_snapshot_untracked,not_tracked_current_index,True,.txt,manifest_only_external_evidence,8497769bfc3e971e8c3bb701cd38a34bd97ae6fddcf9281074f7d160d491b690,124799,PASS,0,0,0
P3_manual,review_script_then_track_or_archive,upload/GROK RESEARCH REPO MASTER.txt,upload,source_or_script,P2_untracked_intake_review,90265,90265,live_differs_from_snapshot_untracked,not_tracked_current_index,True,.txt,manifest_only_external_evidence,6c003e4ec2ad4c6c4ccd6d98bf598119c89fbb22cf92c4ba6668d227cc956f35,90265,PASS,0,0,0
P3_manual,review_script_then_track_or_archive,upload/I'll help you integrate the complex.txt,upload,source_or_script,P2_untracked_intake_review,216545,216545,live_differs_from_snapshot_untracked,not_tracked_current_index,True,.txt,manifest_only_external_evidence,18105898218c92798ffbd16fe987532019a1ff1ef1b88ee2c7db715a541a245b,216545,PASS,0,0,0
P3_manual,review_script_then_track_or_archive,upload/IMPLEMENTATION_REPORT.md,upload,source_or_script,P2_untracked_intake_review,14626,14626,live_differs_from_snapshot_untracked,not_tracked_current_index,True,.md,manifest_only_external_evidence,2034084662e04ad5418353b5801ce9778aa897ca3f3cd13ba668bb0ac6cd63f6,14626,PASS,0,0,0
P3_manual,review_script_then_track_or_archive,upload/METAresearch_practice_template.md,upload,source_or_script,P2_untracked_intake_review,1572,1572,live_differs_from_snapshot_untracked,not_tracked_current_index,True,.md,manifest_only_external_evidence,9c0425e4cb0ab7777bd0df8ad7e192c91b65aa2bf242f5803bd9e6c0a36fa43c,1572,PASS,0,0,0
P3_manual,review_script_then_track_or_archive,upload/Mythos to NEXUS Mapping and DoppelGround Release Plan2.md,upload,source_or_script,P2_untracked_intake_review,35504,35504,live_differs_from_snapshot_untracked,not_tracked_current_index,True,.md,manifest_only_external_evidence,b759805f085bd5d68102a7b41869d39ea760f3af6195d1406461f5b1b9440186,35504,PASS,0,0,0
P3_manual,review_script_then_track_or_archive,upload/NEXUS OS INTEGRATION ROADMAP.txt,upload,source_or_script,P2_untracked_intake_review,127808,127808,live_differs_from_snapshot_untracked,not_tracked_current_index,True,.txt,manifest_only_external_evidence,ef16f781f4bdd563fdd0a6addc3fbe1155f0aabe3bb90a008bd374357d80e591,127808,PASS,0,0,0
P3_manual,review_script_then_track_or_archive,upload/NEXUS-STATE.json,upload,source_or_script,P2_untracked_intake_review,2796,2796,live_differs_from_snapshot_untracked,not_tracked_current_index,True,.json,manifest_only_external_evidence,d1c1f01d6a0a229503047e6419c7fa6f3ccb842528c2a21d53004a800790e8dd,2796,PASS,0,0,0
P3_manual,review_script_then_track_or_archive,upload/PROJECT_HANDOFF_SPEC.md,upload,source_or_script,P2_untracked_intake_review,9849,9849,live_differs_from_snapshot_untracked,not_tracked_current_index,True,.md,manifest_only_external_evidence,30bcebe1e1800c77242581f381346286ec343fedc779073be6c5afc38d664959,9849,PASS,0,0,0
P3_manual,review_script_then_track_or_archive,upload/coldstart_install.py,upload,source_or_script,P2_untracked_intake_review,2339,2339,live_differs_from_snapshot_untracked,not_tracked_current_index,True,.py,manifest_only_external_evidence,6cde7f53ea3efecf9339c66e071a75bbaeb974de80549ca132dd2ce63d73f68f,2339,PASS,0,0,0
P3_manual,review_script_then_track_or_archive,upload/dg_to_gspp.py,upload,source_or_script,P2_untracked_intake_review,9206,9206,live_differs_from_snapshot_untracked,not_tracked_current_index,True,.py,manifest_only_external_evidence,f00b186aa82656d7e1868c51f3bfef793074207b604bc76848ee2229f26007a8,9206,PASS,0,0,0
P3_manual,review_script_then_track_or_archive,upload/foundry_agent_inventory.md,upload,source_or_script,P2_untracked_intake_review,7399,7399,live_differs_from_snapshot_untracked,not_tracked_current_index,True,.md,manifest_only_external_evidence,55f937496902694017b4bd63c4573873f549342715f449067a8988967f688e64,7399,PASS,0,0,0
P3_manual,review_script_then_track_or_archive,upload/governor_skill_gate.py,upload,source_or_script,P2_untracked_intake_review,11030,11030,live_differs_from_snapshot_untracked,not_tracked_current_index,True,.py,manifest_only_external_evidence,3af4ab449c2d5c28990a8b1068662fcc20903008410ed6c6c6faffe4593290a2,11030,PASS,0,0,0
P3_manual,review_script_then_track_or_archive,upload/gspp_openapi.yaml,upload,source_or_script,P2_untracked_intake_review,5336,5336,live_differs_from_snapshot_untracked,not_tracked_current_index,True,.yaml,manifest_only_external_evidence,72a47eeb0166142a250348abcddc29943e01e2ad12e6530f8b937b8ffccdd3c9,5336,PASS,0,0,0
P3_manual,review_script_then_track_or_archive,upload/mock_api_server.py,upload,source_or_script,P2_untracked_intake_review,12042,12042,live_differs_from_snapshot_untracked,not_tracked_current_index,True,.py,manifest_only_external_evidence,c0494d216d6a46b76e2ed6e99bbefd5ec59f6c3a3a55716e167a588e072b046c,12042,PASS,0,0,0
P3_manual,review_script_then_track_or_archive,upload/nexus-dashboard-report-2026-05-04T12-26-26.json,upload,source_or_script,P2_untracked_intake_review,3455,3455,live_differs_from_snapshot_untracked,not_tracked_current_index,True,.json,manifest_only_external_evidence,80337eba4cb7ef91ca3891096a4ff8bf91f714f4aea1f4833cd5a59843fc7c1c,3455,PASS,0,0,0
P3_manual,review_script_then_track_or_archive,upload/nexus-dashboard-report-2026-05-04T12-27-14.csv,upload,source_or_script,P2_untracked_intake_review,411,411,live_differs_from_snapshot_untracked,not_tracked_current_index,True,.csv,manifest_only_external_evidence,c7946978f7cc80d7ab376c72870301d3c3f6ad01ea0f1575de3cc0e9f04f6450,411,PASS,0,0,0
P3_manual,review_script_then_track_or_archive,upload/nexus-dashboard-report-2026-05-04T12-27-34.csv,upload,source_or_script,P2_untracked_intake_review,411,411,live_differs_from_snapshot_untracked,not_tracked_current_index,True,.csv,manifest_only_external_evidence,c7946978f7cc80d7ab376c72870301d3c3f6ad01ea0f1575de3cc0e9f04f6450,411,PASS,0,0,0
P3_manual,review_script_then_track_or_archive,upload/nexus-overview-all-time-2026-05-04T12-26-37.json,upload,source_or_script,P2_untracked_intake_review,1097,1097,live_differs_from_snapshot_untracked,not_tracked_current_index,True,.json,manifest_only_external_evidence,5767453d27b28ef2515e093e71f26ac5c1859316878a637359726cb7313e1b18,1097,PASS,0,0,0
P3_manual,review_script_then_track_or_archive,upload/nexus-overview-all-time-2026-05-04T12-27-27.csv,upload,source_or_script,P2_untracked_intake_review,261,261,live_differs_from_snapshot_untracked,not_tracked_current_index,True,.csv,manifest_only_external_evidence,5004aa0a592730a9abd8160586af8dfc06f3c646fe6685e1b785e5385829baf7,261,PASS,0,0,0
P3_manual,review_script_then_track_or_archive,upload/nexus-stresslab-all-time-2026-05-04T12-26-45.json,upload,source_or_script,P2_untracked_intake_review,1130,1130,live_differs_from_snapshot_untracked,not_tracked_current_index,True,.json,manifest_only_external_evidence,889af4f31d6a3851edd2e6f0673c56ede4b19dd0c2eaa0c77643e97ca1292d0f,1130,PASS,0,0,0
P3_manual,review_script_then_track_or_archive,upload/nexus-stresslab-all-time-2026-05-04T12-27-21.csv,upload,source_or_script,P2_untracked_intake_review,312,312,live_differs_from_snapshot_untracked,not_tracked_current_index,True,.csv,manifest_only_external_evidence,78960360615d94d3701832a8141a1ff44fc8469133b8e27bd72870f09bf65b98,312,PASS,0,0,0
P3_manual,review_script_then_track_or_archive,upload/papers_manifest_full_20.json,upload,source_or_script,P2_untracked_intake_review,12327,12327,live_differs_from_snapshot_untracked,not_tracked_current_index,True,.json,manifest_only_external_evidence,dcc0f8b7f22426600f2c9a69bd711310b05a4fc8a17659fc34b9ce2cb608d0ec,12327,PASS,0,0,0
P3_manual,review_script_then_track_or_archive,upload/papers_manifest_test.json,upload,source_or_script,P2_untracked_intake_review,4361,4361,live_differs_from_snapshot_untracked,not_tracked_current_index,True,.json,manifest_only_external_evidence,128f9ddca4d29a144f8c4b96c08fb16df1dfcacd81ea839a79e27a2cf97ad04f,4361,PASS,0,0,0
P3_manual,review_script_then_track_or_archive,upload/priority_queue.json,upload,source_or_script,P2_untracked_intake_review,4232,4232,live_differs_from_snapshot_untracked,not_tracked_current_index,True,.json,manifest_only_external_evidence,a0f46b997b9f213a48a16abd85b3d9f80e7613598bf29cb77b6c8091b5eef5ad,4232,PASS,0,0,0
P3_manual,review_script_then_track_or_archive,upload/uvicorn mock_api_server.txt,upload,source_or_script,P2_untracked_intake_review,331,331,live_differs_from_snapshot_untracked,not_tracked_current_index,True,.txt,manifest_only_external_evidence,0badfdbc81932f1f2777f7cf841af422d380d732d841ca9562aae8bc102978ad,331,PASS,0,0,0
P3_manual,review_script_then_track_or_archive,upload/wiki_pipeline.py,upload,source_or_script,P2_untracked_intake_review,7593,7593,live_differs_from_snapshot_untracked,not_tracked_current_index,True,.py,manifest_only_external_evidence,d43350b5980eee357572e25c4da4eedb95a038d842d366afe1660d5a38ef7912,7593,PASS,0,0,0
P4_generated,generated_cache_ignore_or_quarantine_after_review,datasets/bouncer_checkpoints/LFM2.5-1.2B-Instruct_BALANCED_Benign.json,datasets,generated_or_cache,P4_untracked_low_signal,846,846,live_differs_from_snapshot_untracked,not_tracked_current_index,True,.json,ignore_or_purge_generated_after_review,1f73c953e85076c66b5137f90dc6ab5b11b2dba6764ea3d800081723f9c7d948,846,PASS,0,0,0
P4_generated,generated_cache_ignore_or_quarantine_after_review,datasets/bouncer_checkpoints/LFM2.5-1.2B-Instruct_BALANCED_TAMAS.json,datasets,generated_or_cache,P4_untracked_low_signal,2482,2482,live_differs_from_snapshot_untracked,not_tracked_current_index,True,.json,ignore_or_purge_generated_after_review,01e7bb4be76aaebbf3c72ca63743854389fff041c102a705143d7cc6391d5b47,2482,PASS,0,0,0
P4_generated,generated_cache_ignore_or_quarantine_after_review,datasets/bouncer_checkpoints/LFM2.5-1.2B-Instruct_BALANCED_v7.json,datasets,generated_or_cache,P4_untracked_low_signal,15011,15011,live_differs_from_snapshot_untracked,not_tracked_current_index,True,.json,ignore_or_purge_generated_after_review,a3e6097a61da6e600ca9ae68b405021e654f125e0c255ed0bb1ed92b246882e5,15011,PASS,0,0,0
P4_generated,generated_cache_ignore_or_quarantine_after_review,datasets/bouncer_checkpoints/LFM2.5-1.2B-Instruct_BOUNCER_Benign.json,datasets,generated_or_cache,P4_untracked_low_signal,847,847,live_differs_from_snapshot_untracked,not_tracked_current_index,True,.json,ignore_or_purge_generated_after_review,e4c497b9c11dbb9c8b0f737cb20da5b0774ba098b23d9277317c2fea66bf350f,847,PASS,0,0,0
P4_generated,generated_cache_ignore_or_quarantine_after_review,datasets/bouncer_checkpoints/LFM2.5-1.2B-Instruct_BOUNCER_TAMAS.json,datasets,generated_or_cache,P4_untracked_low_signal,2489,2489,live_differs_from_snapshot_untracked,not_tracked_current_index,True,.json,ignore_or_purge_generated_after_review,12bd784f804b4113523ca8ea3650ca21023a4048eb8c043aef190fdd0ffac1a9,2489,PASS,0,0,0
P4_generated,generated_cache_ignore_or_quarantine_after_review,datasets/bouncer_checkpoints/LFM2.5-1.2B-Instruct_BOUNCER_v7.json,datasets,generated_or_cache,P4_untracked_low_signal,14988,14988,live_differs_from_snapshot_untracked,not_tracked_current_index,True,.json,ignore_or_purge_generated_after_review,8157f7075aaf8ba39917135298c53ca7e02ba50ea4fa364f5d4c738d6136fb2d,14988,PASS,0,0,0
P4_generated,generated_cache_ignore_or_quarantine_after_review,datasets/bouncer_checkpoints/Neo_T-Virus-3.2-1B_BALANCED_Benign.json,datasets,generated_or_cache,P4_untracked_low_signal,859,859,live_differs_from_snapshot_untracked,not_tracked_current_index,True,.json,ignore_or_purge_generated_after_review,a0cba6a95bd7288b0b10b277b1e95344633f6665a0f1f9708d609ccece8b06c0,859,PASS,0,0,0
P4_generated,generated_cache_ignore_or_quarantine_after_review,datasets/bouncer_checkpoints/Neo_T-Virus-3.2-1B_BALANCED_TAMAS.json,datasets,generated_or_cache,P4_untracked_low_signal,2486,2486,live_differs_from_snapshot_untracked,not_tracked_current_index,True,.json,ignore_or_purge_generated_after_review,586855df0185c56196d8bad01f9eff4ee4f5cc41637cecfb5d5ac7d36d079d51,2486,PASS,0,0,0
P4_generated,generated_cache_ignore_or_quarantine_after_review,datasets/bouncer_checkpoints/Neo_T-Virus-3.2-1B_BALANCED_v7.json,datasets,generated_or_cache,P4_untracked_low_signal,15030,15030,live_differs_from_snapshot_untracked,not_tracked_current_index,True,.json,ignore_or_purge_generated_after_review,38e8f493695e931e7fb3ce3b60d7a5f4963c20bd028c009a624d0b9c298a6f81,15030,PASS,0,0,0
P4_generated,generated_cache_ignore_or_quarantine_after_review,datasets/bouncer_checkpoints/Neo_T-Virus-3.2-1B_BOUNCER_Benign.json,datasets,generated_or_cache,P4_untracked_low_signal,846,846,live_differs_from_snapshot_untracked,not_tracked_current_index,True,.json,ignore_or_purge_generated_after_review,863349ae538aba4654d386ceb67bb290a7cb63644ab39f859b68f0c25e7611fe,846,PASS,0,0,0
P4_generated,generated_cache_ignore_or_quarantine_after_review,datasets/bouncer_checkpoints/Neo_T-Virus-3.2-1B_BOUNCER_TAMAS.json,datasets,generated_or_cache,P4_untracked_low_signal,2495,2495,live_differs_from_snapshot_untracked,not_tracked_current_index,True,.json,ignore_or_purge_generated_after_review,8ff0e067ce674aab7425fa94e74a4a555f4e87cab28cfe1840a113cc33fa97b2,2495,PASS,0,0,0
P4_generated,generated_cache_ignore_or_quarantine_after_review,datasets/bouncer_checkpoints/Neo_T-Virus-3.2-1B_BOUNCER_v7.json,datasets,generated_or_cache,P4_untracked_low_signal,15081,15081,live_differs_from_snapshot_untracked,not_tracked_current_index,True,.json,ignore_or_purge_generated_after_review,3a12f543f36baaf9356c1faf3407622a3ee96994c5bbbb12ce92b27fca29eef7,15081,PASS,0,0,0
P4_generated,generated_cache_ignore_or_quarantine_after_review,datasets/bouncer_checkpoints/Special-Virus-3.2-1B_BALANCED_Benign.json,datasets,generated_or_cache,P4_untracked_low_signal,846,846,live_differs_from_snapshot_untracked,not_tracked_current_index,True,.json,ignore_or_purge_generated_after_review,3417b8f9e3c4b9882a6141fe8b231032f26c3203573f04133d287b36d7cf783d,846,PASS,0,0,0
P4_generated,generated_cache_ignore_or_quarantine_after_review,datasets/bouncer_checkpoints/Special-Virus-3.2-1B_BALANCED_TAMAS.json,datasets,generated_or_cache,P4_untracked_low_signal,2476,2476,live_differs_from_snapshot_untracked,not_tracked_current_index,True,.json,ignore_or_purge_generated_after_review,e05ffaa2013ec6a6a63e8917020c2930ff9e549486796b6fa2c4980fbf423f82,2476,PASS,0,0,0
P4_generated,generated_cache_ignore_or_quarantine_after_review,datasets/bouncer_checkpoints/Special-Virus-3.2-1B_BALANCED_v7.json,datasets,generated_or_cache,P4_untracked_low_signal,14974,14974,live_differs_from_snapshot_untracked,not_tracked_current_index,True,.json,ignore_or_purge_generated_after_review,6a2eb930673a4ee8e70bb9d4ecc48c9ec596f6dee2e7b189dc7066571b84d8e7,14974,PASS,0,0,0
P4_generated,generated_cache_ignore_or_quarantine_after_review,datasets/bouncer_checkpoints/Special-Virus-3.2-1B_BOUNCER_Benign.json,datasets,generated_or_cache,P4_untracked_low_signal,848,848,live_differs_from_snapshot_untracked,not_tracked_current_index,True,.json,ignore_or_purge_generated_after_review,217353f2724b0f07fe208283da4602294792ea5d500b8c741f7f57963f781c51,848,PASS,0,0,0
P4_generated,generated_cache_ignore_or_quarantine_after_review,datasets/bouncer_checkpoints/Special-Virus-3.2-1B_BOUNCER_TAMAS.json,datasets,generated_or_cache,P4_untracked_low_signal,2472,2472,live_differs_from_snapshot_untracked,not_tracked_current_index,True,.json,ignore_or_purge_generated_after_review,6d19fca7d82d60371249722459b28fae24b05049b29e772e147105ad4a407f05,2472,PASS,0,0,0
P4_generated,generated_cache_ignore_or_quarantine_after_review,datasets/bouncer_checkpoints/Special-Virus-3.2-1B_BOUNCER_v7.json,datasets,generated_or_cache,P4_untracked_low_signal,15021,15021,live_differs_from_snapshot_untracked,not_tracked_current_index,True,.json,ignore_or_purge_generated_after_review,a30e2d8bddd8c98a158fce8b8be82995d01838989e4acc58810bff42eb33077b,15021,PASS,0,0,0
P4_generated,generated_cache_ignore_or_quarantine_after_review,datasets/bouncer_checkpoints_v3/Special-Virus-3.2-1B_Benign.json,datasets,generated_or_cache,P4_untracked_low_signal,845,845,live_differs_from_snapshot_untracked,not_tracked_current_index,True,.json,ignore_or_purge_generated_after_review,df0e2b3f25e629052dc02312a7f1389f9d75d0317bbd87ff060dda67408eae62,845,PASS,0,0,0
P4_generated,generated_cache_ignore_or_quarantine_after_review,datasets/bouncer_checkpoints_v3/Special-Virus-3.2-1B_TAMAS.json,datasets,generated_or_cache,P4_untracked_low_signal,2486,2486,live_differs_from_snapshot_untracked,not_tracked_current_index,True,.json,ignore_or_purge_generated_after_review,d729522550b4f87361ee340cc433536ea5c60e5f0281569d146a4696ae4f4e74,2486,PASS,0,0,0
P4_generated,generated_cache_ignore_or_quarantine_after_review,datasets/bouncer_checkpoints_v3/Special-Virus-3.2-1B_v7.json,datasets,generated_or_cache,P4_untracked_low_signal,15047,15047,live_differs_from_snapshot_untracked,not_tracked_current_index,True,.json,ignore_or_purge_generated_after_review,7786f4a2edf96680d245797c7ea226bcee661c265133f52690f12fc083581313,15047,PASS,0,0,0
P4_generated,generated_cache_ignore_or_quarantine_after_review,datasets/v7_lab_output/report_benign_corpus_100_chat_special-virus_latest.json,datasets,generated_or_cache,P4_untracked_low_signal,2490,2490,live_differs_from_snapshot_untracked,not_tracked_current_index,True,.json,ignore_or_purge_generated_after_review,0b4656947f03971019a91ac2dca162158bc40a7bbcf20abb2cfcfb9eb1f99df5,2490,PASS,0,0,0
P4_generated,generated_cache_ignore_or_quarantine_after_review,datasets/v7_lab_output/report_benign_corpus_100_raw_hf.co_prism-ml_Ternary-Bonsai-1.7B-gguf_F16.json,datasets,generated_or_cache,P4_untracked_low_signal,669,669,live_differs_from_snapshot_untracked,not_tracked_current_index,True,.json,ignore_or_purge_generated_after_review,03b13a412762433b5c3cbe2e6ba24be8e6c967f1d617746cd58205b6b323100f,669,PASS,0,0,0
P4_generated,generated_cache_ignore_or_quarantine_after_review,datasets/v7_lab_output/report_benign_corpus_100_remediated_hf.co_prism-ml_Ternary-Bonsai-1.7B-gguf_F16.json,datasets,generated_or_cache,P4_untracked_low_signal,677,677,live_differs_from_snapshot_untracked,not_tracked_current_index,True,.json,ignore_or_purge_generated_after_review,4a472e9640406bf6f9755d65193c12f4d965ea41b0db9d50c7b778b85fcf2121,677,PASS,0,0,0
P4_generated,generated_cache_ignore_or_quarantine_after_review,datasets/v7_lab_output/report_benign_corpus_100_remediated_special-virus_latest.json,datasets,generated_or_cache,P4_untracked_low_signal,2524,2524,live_differs_from_snapshot_untracked,not_tracked_current_index,True,.json,ignore_or_purge_generated_after_review,2545831c0b9cddf497dd5234b7dd4969a1c85b672e941445bd8262838728545d,2524,PASS,0,0,0
P4_generated,generated_cache_ignore_or_quarantine_after_review,datasets/v7_lab_output/report_scenarios_001-1000_EN_chat_special-virus_latest.json,datasets,generated_or_cache,P4_untracked_low_signal,8141,8141,live_differs_from_snapshot_untracked,not_tracked_current_index,True,.json,ignore_or_purge_generated_after_review,bfc391137c17315ded36a73c3511c14282d7105d7cd0b3f7a57b83c4ace85e2c,8141,PASS,0,0,0
