"Name","FullName","Extension","Length","LastWriteTime"
"NEXUS_MCP_Server_Phase6.zip","C:\Users\speci.000\Downloads\NEXUS_MCP_Server_Phase6.zip",".zip","21036","05/20/2026 7:00:12 AM"
"grokSKILL-MCPlog.txt","C:\Users\speci.000\Downloads\grokSKILL-MCPlog.txt",".txt","314378","05/20/2026 6:59:29 AM"
"clineMCPlog.txt","C:\Users\speci.000\Downloads\clineMCPlog.txt",".txt","356361","05/20/2026 6:31:11 AM"
"redisMEMORYservice.txt","C:\Users\speci.000\Downloads\redisMEMORYservice.txt",".txt","18223","05/20/2026 2:08:03 AM"
"HFways.txt","C:\Users\speci.000\Downloads\HFways.txt",".txt","71289","05/20/2026 1:40:31 AM"
"agentHARNESS.png","C:\Users\speci.000\Downloads\agentHARNESS.png",".png","1491826","05/20/2026 1:40:14 AM"
"codexCUTTEDoptimizationwork-02.txt","C:\Users\speci.000\Downloads\codexCUTTEDoptimizationwork-02.txt",".txt","1365404","05/19/2026 7:36:08 AM"
"DERDDRE-04.txt","C:\Users\speci.000\Downloads\DERDDRE-04.txt",".txt","65231","05/18/2026 11:14:15 PM"
"SLM-smol-research01.txt","C:\Users\speci.000\Downloads\SLM-smol-research01.txt",".txt","15557","05/18/2026 11:12:37 PM"
"memoryPLAN-01.md","C:\Users\speci.000\Downloads\memoryPLAN-01.md",".md","5171","05/18/2026 8:26:18 PM"
"AIKIDOsecuritytest-01.txt","C:\Users\speci.000\Downloads\AIKIDOsecuritytest-01.txt",".txt","21557","05/18/2026 12:43:54 PM"
"geminiresearch01.txt","C:\Users\speci.000\Downloads\geminiresearch01.txt",".txt","124274","05/18/2026 8:33:18 AM"
"SLMworkflowinference.png","C:\Users\speci.000\Downloads\SLMworkflowinference.png",".png","351364","05/18/2026 8:22:16 AM"
"MCPinspirations.txt","C:\Users\speci.000\Downloads\MCPinspirations.txt",".txt","9149","05/18/2026 7:31:15 AM"
"Nebiusrelated.txt","C:\Users\speci.000\Downloads\Nebiusrelated.txt",".txt","7774","05/18/2026 7:02:34 AM"
"PineConePackboot2.txt","C:\Users\speci.000\Downloads\PineConePackboot2.txt",".txt","2405","05/18/2026 1:28:38 AM"
"Visual ID workflow.png","C:\Users\speci.000\Downloads\Visual ID workflow.png",".png","226841","05/18/2026 12:06:45 AM"
"notionlog01.txt","C:\Users\speci.000\Downloads\notionlog01.txt",".txt","29903","05/17/2026 11:16:20 PM"
"Codex Installer.exe","C:\Users\speci.000\Downloads\Codex Installer.exe",".exe","1294880","05/17/2026 8:10:34 PM"
"CloudflareWORKERtest.txt","C:\Users\speci.000\Downloads\CloudflareWORKERtest.txt",".txt","15737","05/16/2026 3:57:33 PM"
"evoDivAgenticWorkflow.png","C:\Users\speci.000\Downloads\evoDivAgenticWorkflow.png",".png","444624","05/16/2026 11:45:28 AM"
"SLMworkflow.png","C:\Users\speci.000\Downloads\SLMworkflow.png",".png","248391","05/16/2026 11:45:04 AM"
"oldSLMexampletable.png","C:\Users\speci.000\Downloads\oldSLMexampletable.png",".png","178718","05/16/2026 11:44:37 AM"
"grok-video-01b2b33e-50bd-4e4e-9bcc-b395d0a5f6bd.mp4","C:\Users\speci.000\Downloads\grok-video-01b2b33e-50bd-4e4e-9bcc-b395d0a5f6bd.mp4",".mp4","13177482","05/16/2026 5:10:50 AM"
"grok-image-edc21dfe-2ba9-40f8-9735-a2c23b07e163.png","C:\Users\speci.000\Downloads\grok-image-edc21dfe-2ba9-40f8-9735-a2c23b07e163.png",".png","327839","05/16/2026 4:11:26 AM"
"grok-image-a00c1b0b-6c6b-4b46-ba8d-55adc8fdc8dd.png","C:\Users\speci.000\Downloads\grok-image-a00c1b0b-6c6b-4b46-ba8d-55adc8fdc8dd.png",".png","372126","05/16/2026 4:11:20 AM"
"grok-image-84fdbab9-ea14-48e8-84ae-697c69e02eb3.png","C:\Users\speci.000\Downloads\grok-image-84fdbab9-ea14-48e8-84ae-697c69e02eb3.png",".png","346192","05/16/2026 4:11:08 AM"
"NEXUS-IMAGINE-pipeline-RAW.txt","C:\Users\speci.000\Downloads\NEXUS-IMAGINE-pipeline-RAW.txt",".txt","207367","05/16/2026 12:57:22 AM"
"grok-d47d2036-42c3-4abd-b097-9a3f0046c5e5.jpg","C:\Users\speci.000\Downloads\grok-d47d2036-42c3-4abd-b097-9a3f0046c5e5.jpg",".jpg","624728","05/15/2026 11:13:51 PM"
"grok-492c8af5-a682-42c1-8a7d-e4f5b03f4e05.png","C:\Users\speci.000\Downloads\grok-492c8af5-a682-42c1-8a7d-e4f5b03f4e05.png",".png","391991","05/15/2026 11:13:48 PM"
"grok-85a82797-ba65-471e-9765-8ca224523492.jpg","C:\Users\speci.000\Downloads\grok-85a82797-ba65-471e-9765-8ca224523492.jpg",".jpg","723535","05/15/2026 11:13:45 PM"
"grok-07fec0fc-2eff-4eb7-94b7-bfb0ee92fdb7.jpg","C:\Users\speci.000\Downloads\grok-07fec0fc-2eff-4eb7-94b7-bfb0ee92fdb7.jpg",".jpg","486384","05/15/2026 11:13:42 PM"
"grok-3dec342f-1836-4ced-a35c-b41bf1f0da22.jpg","C:\Users\speci.000\Downloads\grok-3dec342f-1836-4ced-a35c-b41bf1f0da22.jpg",".jpg","382636","05/15/2026 11:13:40 PM"
"grok-cbd31798-a1f9-43f7-ab2a-c3c506be5ba5.jpg","C:\Users\speci.000\Downloads\grok-cbd31798-a1f9-43f7-ab2a-c3c506be5ba5.jpg",".jpg","575826","05/15/2026 11:13:37 PM"
"grok-8398eb61-cbc5-40b0-99af-3a3d97d7bad4.jpg","C:\Users\speci.000\Downloads\grok-8398eb61-cbc5-40b0-99af-3a3d97d7bad4.jpg",".jpg","736840","05/15/2026 11:13:35 PM"
"NotionMCPstyledPlan.txt","C:\Users\speci.000\Downloads\NotionMCPstyledPlan.txt",".txt","26803","05/15/2026 8:48:57 PM"
"ernieMCP.txt","C:\Users\speci.000\Downloads\ernieMCP.txt",".txt","157696","05/15/2026 5:07:47 PM"
"ernieMCPshort.txt","C:\Users\speci.000\Downloads\ernieMCPshort.txt",".txt","30556","05/15/2026 5:07:20 PM"
"Workflows.zip","C:\Users\speci.000\Downloads\Workflows.zip",".zip","23756722","05/15/2026 4:59:17 PM"
"AI Agents Gone Rogue.txt","C:\Users\speci.000\Downloads\AI Agents Gone Rogue.txt",".txt","35175","05/15/2026 2:07:19 PM"
"notionAIinstructionSUPERprompt.md","C:\Users\speci.000\Downloads\notionAIinstructionSUPERprompt.md",".md","4328","05/15/2026 2:07:06 PM"
"greatA2Aconnectionlogs-01.txt","C:\Users\speci.000\Downloads\greatA2Aconnectionlogs-01.txt",".txt","243037","05/15/2026 2:06:59 PM"
"PineConePackboot.txt","C:\Users\speci.000\Downloads\PineConePackboot.txt",".txt","1759","05/15/2026 2:06:08 PM"
"notion_mcp_agent_preview.png","C:\Users\speci.000\Downloads\notion_mcp_agent_preview.png",".png","268526","05/15/2026 1:17:09 PM"
"tts_supertonic_subagent.py","C:\Users\speci.000\Downloads\tts_supertonic_subagent.py",".py","6707","05/15/2026 11:06:54 AM"
"HFinternRnDtempbench-01.txt","C:\Users\speci.000\Downloads\HFinternRnDtempbench-01.txt",".txt","47718","05/14/2026 10:35:30 PM"
"nexus_mcp.py","C:\Users\speci.000\Downloads\nexus_mcp.py",".py","3561","05/14/2026 6:34:27 PM"
"NEXUSscienceteamreport-01.txt","C:\Users\speci.000\Downloads\NEXUSscienceteamreport-01.txt",".txt","1212452","05/14/2026 7:23:22 AM"
"NEXUSbigLOGdeepseekV4-01.txt","C:\Users\speci.000\Downloads\NEXUSbigLOGdeepseekV4-01.txt",".txt","376493","05/13/2026 6:18:44 PM"
"DERDDRE.zip","C:\Users\speci.000\Downloads\DERDDRE.zip",".zip","14526199","05/13/2026 2:32:44 PM"
"foundryOPUSMANerrorsonMCP-01.txt","C:\Users\speci.000\Downloads\foundryOPUSMANerrorsonMCP-01.txt",".txt","8667","05/13/2026 1:19:35 PM"
"nexus-os-week-2026-05-08-to-12.zip","C:\Users\speci.000\Downloads\nexus-os-week-2026-05-08-to-12.zip",".zip","79766","05/12/2026 5:31:27 AM"
"pinecone ALL.txt","C:\Users\speci.000\Downloads\pinecone ALL.txt",".txt","6621","05/10/2026 3:55:29 PM"
"codexCUTTEDoptimizationwork-01.txt","C:\Users\speci.000\Downloads\codexCUTTEDoptimizationwork-01.txt",".txt","205893","05/10/2026 3:43:03 PM"
"mem0 styled memory suggestions.txt","C:\Users\speci.000\Downloads\mem0 styled memory suggestions.txt",".txt","15178","05/10/2026 6:52:17 AM"
"Scientific researcher and scientist.txt","C:\Users\speci.000\Downloads\Scientific researcher and scientist.txt",".txt","516","05/10/2026 2:56:19 AM"
"NEXUS approaches from others.txt","C:\Users\speci.000\Downloads\NEXUS approaches from others.txt",".txt","412","05/10/2026 2:32:31 AM"
"Connect the A2A Tool.txt","C:\Users\speci.000\Downloads\Connect the A2A Tool.txt",".txt","4556","05/10/2026 2:00:40 AM"
"RESEARCH_BRIEF_2026-05-08.md","C:\Users\speci.000\Downloads\RESEARCH_BRIEF_2026-05-08.md",".md","12637","05/08/2026 12:38:59 PM"
"grok-05562452-b210-4e4d-8152-7e798757363d.jpg","C:\Users\speci.000\Downloads\grok-05562452-b210-4e4d-8152-7e798757363d.jpg",".jpg","623675","05/02/2026 3:45:27 PM"
"mythos_agent_orchestration_summary.txt","C:\Users\speci.000\Downloads\mythos_agent_orchestration_summary.txt",".txt","43485","05/02/2026 1:19:10 AM"
"test_archivist_integrity-grok.py","C:\Users\speci.000\Downloads\test_archivist_integrity-grok.py",".py","8130","05/01/2026 5:15:03 AM"
"HF_Science_database.txt","C:\Users\speci.000\Downloads\HF_Science_database.txt",".txt","1234","04/30/2026 10:25:23 PM"
"NEXUS_OS_v3.2_Clean_Stabilization_Pack_2026-04-25.zip","C:\Users\speci.000\Downloads\NEXUS_OS_v3.2_Clean_Stabilization_Pack_2026-04-25.zip",".zip","6174","04/30/2026 8:00:22 PM"
"NEXUS_OS_v3.2_Full_Deliverables_2026-04-25.zip","C:\Users\speci.000\Downloads\NEXUS_OS_v3.2_Full_Deliverables_2026-04-25.zip",".zip","8811","04/30/2026 8:00:20 PM"
"zilliz-cloud-nexus-os-town-username-password.txt","C:\Users\speci.000\Downloads\zilliz-cloud-nexus-os-town-username-password.txt",".txt","51","04/30/2026 6:44:56 PM"
"NEXUS_OS_v3.2_opusmanSEEKv4_Claw_System_2026-04-29.zip","C:\Users\speci.000\Downloads\NEXUS_OS_v3.2_opusmanSEEKv4_Claw_System_2026-04-29.zip",".zip","10663","04/30/2026 4:40:01 PM"
"nexusdashboards-main.zip","C:\Users\speci.000\Downloads\nexusdashboards-main.zip",".zip","8601317","04/30/2026 4:19:09 PM"
"grok-video-7fd2ff11-6853-4e51-8165-ca9ce00bca2d (6).mp4","C:\Users\speci.000\Downloads\grok-video-7fd2ff11-6853-4e51-8165-ca9ce00bca2d (6).mp4",".mp4","15511306","04/25/2026 5:03:01 AM"
"grok-video-f94d1535-de38-4b40-aaa7-d845950b077c (2).mp4","C:\Users\speci.000\Downloads\grok-video-f94d1535-de38-4b40-aaa7-d845950b077c (2).mp4",".mp4","15759705","04/19/2026 11:34:03 AM"
